Repository,Time Frame,Username
electron,2018_2019,electron-bot
electron,2018_2019,codebytere
electron,2018_2019,lutzroeder
electron,2018_2019,dsanders11
electron,2018_2019,nornagon
electron,2018_2019,Unknown
electron,2018_2019,xland
electron,2018_2019,javan
electron,2018_2019,malept
electron,2018_2019,magne4000
electron,2018_2019,miniak
electron,2018_2019,loc
electron,2018_2019,felixrieseberg
electron,2018_2019,vbennich
electron,2018_2019,zcbenz
electron,2018_2019,deepak1556
electron,2018_2019,jryans
electron,2018_2019,MarshallOfSound
electron,2018_2019,bnb
electron,2018_2019,ckerr
electron,2018_2019,poiru
electron,2018_2019,yashints
electron,2018_2019,amorist
electron,2018_2019,lynxtaa
electron,2018_2019,ymmuse
electron,2018_2019,kwonoj
electron,2018_2019,jacobq
electron,2018_2019,bruceauyeung
electron,2018_2019,CapOM
electron,2018_2019,Vilsafur
electron,2018_2019,erickzhao
electron,2018_2019,kristofkalocsai
electron,2018_2019,alanionita
electron,2018_2019,thypon
electron,2018_2019,vhashimotoo
electron,2018_2019,fengmk2
electron,2018_2019,atilacamurca
electron,2018_2019,ajmacd
electron,2018_2019,CezaryKulakowski
electron,2018_2019,97amarnathk
electron,2018_2019,alexeykuzmin
electron,2018_2019,sofianguy
electron,2018_2019,Arjitc12
electron,2018_2019,Alecyrus
electron,2018_2019,RikTheunis
electron,2018_2019,kerolloz
electron,2018_2019,richard-townsend-arm
electron,2018_2019,jaimecbernardo
electron,2018_2019,dependabot[bot]
electron,2018_2019,ryanomor
electron,2018_2019,Sti2nd
electron,2018_2019,bughit
electron,2018_2019,chawk
electron,2018_2019,DZwell
electron,2018_2019,mikepelley
electron,2018_2019,gerhardberger
electron,2018_2019,ironman0x7b2
electron,2018_2019,StevenEBarbaro
electron,2018_2019,koralcem
electron,2018_2019,ipoint-pgerhard
electron,2018_2019,davej
electron,2018_2019,TomasHubelbauer
electron,2018_2019,brenca
electron,2018_2019,mshoho
electron,2018_2019,krunt
electron,2018_2019,rnagy
electron,2018_2019,jpmn
electron,2018_2019,ChALkeR
electron,2018_2019,ppontes
electron,2018_2019,azazdeaz
electron,2018_2019,flotwig
electron,2018_2019,adill
electron,2018_2019,vially
electron,2018_2019,lepinay
electron,2018_2019,samuelmaddock
electron,2018_2019,caesar
electron,2018_2019,tarruda
electron,2018_2019,iansan5653
electron,2018_2019,alexstrat
electron,2018_2019,louismrose
electron,2018_2019,lvscar
electron,2018_2019,lpmi-13
electron,2018_2019,chase
electron,2018_2019,groundwater
electron,2018_2019,cclauss
electron,2018_2019,warpdesign
electron,2018_2019,Kilian
electron,2018_2019,outofambit
electron,2018_2019,nitsakh
electron,2018_2019,r0stig
electron,2018_2019,jeremyspiegel
electron,2018_2019,xtx1130
electron,2018_2019,danawoodman
electron,2018_2019,torycl
electron,2018_2019,MayaWolf
electron,2018_2019,schneiderl
electron,2018_2019,adamharley
electron,2018_2019,Maeda-Naoki
electron,2018_2019,mscdex
electron,2018_2019,andywampir
electron,2018_2019,bobbyg603
electron,2018_2019,BinaryMuse
electron,2018_2019,stewartlord
electron,2018_2019,pathim
electron,2018_2019,SunflowerPKU
electron,2018_2019,nixxquality
electron,2018_2019,kapilepatel
electron,2018_2019,samuelmeuli
electron,2018_2019,tcd156
electron,2018_2019,roller-bot
electron,2018_2019,klaudiosinani
electron,2018_2019,bennycode
electron,2018_2019,digitaldina
electron,2018_2019,sebakerckhof
electron,2018_2019,KoenLav
electron,2018_2019,rhysd
electron,2018_2019,qwabra
electron,2018_2019,ikkisoft
electron,2018_2019,jfuechsl
electron,2018_2019,ooboqoo
electron,2018_2019,shazron
electron,2018_2019,sindresorhus
electron,2018_2019,Thomas101
electron,2018_2019,ZYSzys
electron,2018_2019,aayushchhabra
electron,2018_2019,polict
electron,2018_2019,emer7
electron,2018_2019,JohanG2012
electron,2018_2019,michtsu
electron,2018_2019,yq612
electron,2018_2019,summeroff
electron,2018_2019,SamvelRaja
electron,2018_2019,shahzadlone
electron,2018_2019,mattleff
electron,2018_2019,moshfeu
electron,2018_2019,aegarbutt
electron,2018_2019,vviikk
electron,2018_2019,keshaldesai
electron,2018_2019,TySabs
electron,2018_2019,ZacWalk
electron,2018_2019,dbkr
electron,2018_2019,alexgreenland
electron,2018_2019,popod
electron,2018_2019,Menardi
electron,2018_2019,simonecattaneo91
electron,2018_2019,bpasero
electron,2018_2019,SaswatB
electron,2018_2019,Anrock
electron,2018_2019,JB1905
electron,2018_2019,inukshuk
electron,2018_2019,HoWingYip
electron,2018_2019,slapbox
electron,2018_2019,alexanderturinske
electron,2018_2019,zarubond
electron,2018_2019,anszom
electron,2018_2019,trop[bot]
electron,2018_2019,ibash
electron,2018_2019,masatokinugawa
electron,2018_2019,MartinMa
electron,2018_2019,adammeyer
electron,2018_2019,AbhilashJN
electron,2018_2019,stoneG
electron,2018_2019,lynaghk
electron,2018_2019,Kthulu120
electron,2018_2019,ManoelLobo
electron,2018_2019,azure-pipelines[bot]
electron,2018_2019,jakubzitny
electron,2018_2019,asokolsky
electron,2018_2019,paulius005
electron,2018_2019,sgd2z
electron,2018_2019,theLMGN
electron,2018_2019,robinwassen
electron,2018_2019,keerthi16
electron,2018_2019,BeniCheni
electron,2018_2019,andersk
electron,2018_2019,sidneys
electron,2018_2019,husayn
electron,2018_2019,secult
electron,2018_2019,GhostlyDark
electron,2018_2019,doms
electron,2018_2019,zeke
electron,2018_2019,TiagoDanin
electron,2018_2019,brunolemos
electron,2018_2019,Tomyail
electron,2018_2019,PalmerAL
electron,2018_2019,juturu
electron,2018_2019,c960657
electron,2018_2019,genuinemoses
electron,2018_2019,gnahzak
electron,2018_2019,jack-teng1
electron,2018_2019,jguze
electron,2018_2019,dannyrb
electron,2018_2019,sethlu
electron,2018_2019,mikeykhalil
electron,2018_2019,az-chris
electron,2018_2019,mateussilva92
electron,2018_2019,mdpetuum
electron,2018_2019,pravdomil
electron,2018_2019,dsandler
electron,2018_2019,hkhere
electron,2018_2019,mdogadailo
electron,2018_2019,svelle
electron,2018_2019,mifi
electron,2018_2019,barinali
electron,2018_2019,alespergl
electron,2018_2019,didrocks
electron,2018_2019,chicoxyzzy
electron,2018_2019,biuuu
electron,2018_2019,stephanwlee
electron,2018_2019,rahatarmanahmed
electron,2018_2019,chawei
electron,2018_2019,timfish
electron,2018_2019,t-hiroishi
electron,2018_2019,jwheare
electron,2018_2019,pfrazee
electron,2018_2019,Zhangdroid
electron,2018_2019,andens
electron,2018_2019,yuya-oc
electron,2018_2019,vanessayuenn
electron,2018_2019,natsuozawa
electron,2018_2019,CSharpFan
electron,2018_2019,AdrienFery
electron,2018_2019,MadfishDT
electron,2018_2019,seanzer
electron,2018_2019,yzgyyang
electron,2018_2019,cl3m
electron,2018_2019,nous-
electron,2018_2019,philfreo
electron,2018_2019,lyallh
electron,2018_2019,JakeH
electron,2018_2019,FranzDeCopenhague
electron,2018_2019,perlun
electron,2018_2019,dakeshi
electron,2018_2019,jeis2497052
electron,2018_2019,acheronfail
electron,2018_2019,universeroc
electron,2018_2019,prankshaw
electron,2018_2019,nicknish
electron,2018_2019,rynobax
electron,2018_2019,lee-dohm
electron,2018_2019,matt-way
electron,2018_2019,josimi
electron,2018_2019,YurySolovyov
electron,2018_2019,TechnicalSoup
electron,2020_2022,RaisinTen
electron,2020_2022,sudowoodo-release-bot[bot]
electron,2020_2022,dsanders11
electron,2020_2022,nornagon
electron,2020_2022,codebytere
electron,2020_2022,jsoref
electron,2020_2022,VerteDinde
electron,2020_2022,MarshallOfSound
electron,2020_2022,deermichel
electron,2020_2022,dependabot[bot]
electron,2020_2022,electron-roller[bot]
electron,2020_2022,miniak
electron,2020_2022,jviotti
electron,2020_2022,erickzhao
electron,2020_2022,rzhao271
electron,2020_2022,mlaurencin
electron,2020_2022,isailaandrei
electron,2020_2022,jkleinsc
electron,2020_2022,samuelmaddock
electron,2020_2022,ckerr
electron,2020_2022,itsananderson
electron,2020_2022,Maeda-Naoki
electron,2020_2022,FantasqueX
electron,2020_2022,deepak1556
electron,2020_2022,varunsh-coder
electron,2020_2022,sofianguy
electron,2020_2022,mkiki01
electron,2020_2022,zcbenz
electron,2020_2022,cha0s
electron,2020_2022,JamieMagee
electron,2020_2022,kevinushey
electron,2020_2022,pr0t4zy
electron,2020_2022,renbaoshuo
electron,2020_2022,inclusive-coding-bot
electron,2020_2022,mitchchn
electron,2020_2022,TheIceCreamBear
electron,2020_2022,gerhardberger
electron,2020_2022,clavin
electron,2020_2022,Baitinq
electron,2020_2022,p2004a
electron,2020_2022,onion7878
electron,2020_2022,andreasdj
electron,2020_2022,indutny
electron,2020_2022,jgresham
electron,2020_2022,BlackHole1
electron,2020_2022,zeeker999
electron,2020_2022,Lalit3716
electron,2020_2022,Biki-das
electron,2020_2022,akgupta0777
electron,2020_2022,CanadaHonk
electron,2020_2022,aryanshridhar
electron,2020_2022,Harry-Hopkinson
electron,2020_2022,Makonede
electron,2020_2022,chuion
electron,2020_2022,alvinphilips
electron,2020_2022,2BC-Wasabi
electron,2020_2022,t57ser
electron,2020_2022,KevSlashNull
electron,2020_2022,marekharanczyk
electron,2020_2022,tniessen
electron,2020_2022,hollinsky
electron,2020_2022,twitharshil
electron,2020_2022,mrshu
electron,2020_2022,mifi
electron,2020_2022,refi64
electron,2020_2022,Unknown
electron,2020_2022,bavulapati
electron,2020_2022,kevinlinv
electron,2020_2022,MRayermannMSFT
electron,2020_2022,dharmaturtle
electron,2020_2022,julianam27
electron,2020_2022,babatakao
electron,2020_2022,kromain
electron,2020_2022,EvanHahn-Signal
electron,2020_2022,tmacwill
electron,2020_2022,MikeBusuttil
electron,2020_2022,timothyis
electron,2020_2022,vulture
electron,2020_2022,Shubham-Kumar-2000
electron,2020_2022,mckravchyk
electron,2020_2022,duncanhewett
electron,2020_2022,wisehackermonkey
electron,2020_2022,ganthern
electron,2020_2022,terminalPoltergeist
electron,2020_2022,dennisrijsdijk
electron,2020_2022,stephen9357
electron,2020_2022,fengmk2
electron,2020_2022,tristan957
electron,2020_2022,CezaryKulakowski
electron,2020_2022,sryze
electron,2020_2022,donaldnevermore
electron,2020_2022,henrit
electron,2020_2022,mitchemmc
electron,2020_2022,rampd2
electron,2020_2022,universalstrapping
electron,2020_2022,mserrano
electron,2020_2022,CITguy
electron,2020_2022,alexeykuzmin
electron,2020_2022,anulman
electron,2020_2022,dharesign
electron,2020_2022,kiochan
electron,2020_2022,molant
electron,2020_2022,bnb
electron,2020_2022,malept
electron,2020_2022,Paratron
electron,2020_2022,kloenk
electron,2020_2022,iketheguy
electron,2020_2022,kunjiang
electron,2020_2022,complexspaces
electron,2020_2022,LarryKlugerDS
electron,2020_2022,nibbleswap
electron,2020_2022,electron-bot
electron,2020_2022,georgexu99
electron,2020_2022,flyme2bluemoon
electron,2020_2022,poiru
electron,2020_2022,andersk
electron,2020_2022,jota11
electron,2020_2022,utkarsh-dixit
electron,2020_2022,Davenury
electron,2020_2022,1akshat1
electron,2020_2022,jenux
electron,2020_2022,1bitphoenix
electron,2020_2022,omarkilani
electron,2020_2022,sssooonnnggg
electron,2020_2022,trop[bot]
electron,2020_2022,kdau
electron,2020_2022,kevinhartman
electron,2020_2022,lukeingalls
electron,2020_2022,ZReC
electron,2020_2022,codefoster
electron,2020_2022,sergiou87
electron,2020_2022,peteness
electron,2020_2022,fledgling-vish
electron,2020_2022,congjiye
electron,2020_2022,Ethan-Arrowood
electron,2020_2022,Tabea4
electron,2020_2022,tonyferrell
electron,2020_2022,tkainrad
electron,2020_2022,noelleleigh
electron,2020_2022,OndreasCZ
electron,2020_2022,PalmerAL
electron,2020_2022,tabishmahfuz1
electron,2020_2022,matthijsgroen
electron,2020_2022,hamstu
electron,2020_2022,Rajdeep97
electron,2020_2022,michaelkozakovsc
electron,2020_2022,robin-fowler
electron,2020_2022,KSneijders
electron,2020_2022,germain-gg
electron,2020_2022,HiMyNameIsBennet
electron,2020_2022,addaleax
electron,2020_2022,saghul
electron,2020_2022,Prinzhorn
electron,2020_2022,xland
electron,2020_2022,adrian727
electron,2020_2022,kr3l
electron,2020_2022,gniezen
electron,2020_2022,binyamin
electron,2020_2022,k15a
electron,2020_2022,tgxn
electron,2020_2022,efsiatras
electron,2020_2022,khwaaj
electron,2020_2022,TonyWuu
electron,2020_2022,denniske
electron,2020_2022,stewartlord
electron,2020_2022,pdesantis
electron,2020_2022,eltociear
electron,2020_2022,scottrobertson
electron,2020_2022,CyrusRoshan
electron,2020_2022,ash0x0
electron,2020_2022,ChALkeR
electron,2020_2022,felixrieseberg
electron,2020_2022,say25
electron,2020_2022,lingxiao-Zhu
electron,2020_2022,fytriht
electron,2020_2022,renmu123
electron,2020_2022,chartgerink
electron,2020_2022,riccardopiola
electron,2020_2022,loc
electron,2020_2022,tqpcharlie
electron,2020_2022,ahfriedman
electron,2020_2022,jameshfisher
electron,2020_2022,markwylde
electron,2020_2022,mzajaczkowski
electron,2020_2022,foxt
electron,2020_2022,sentialx
electron,2020_2022,choko-oni
electron,2020_2022,nharper
electron,2020_2022,AviVahl
electron,2020_2022,sirdiego
electron,2020_2022,stevenjoezhang
electron,2020_2022,windwalkr
electron,2020_2022,nikitakot
electron,2020_2022,skeggse
electron,2020_2022,bandantonio
electron,2020_2022,vadim-termius
electron,2020_2022,devinfoley
electron,2020_2022,NotWearingPants
electron,2020_2022,samiskin
electron,2020_2022,bitdisaster
electron,2020_2022,Code-Blooded-Human
electron,2020_2022,bigben0123
electron,2020_2022,vially
electron,2020_2022,fabiospampinato
electron,2020_2022,juliekoubova
electron,2020_2022,TheGemDev
electron,2020_2022,lishid
electron,2020_2022,BenRussert
electron,2020_2022,ascorbic
electron,2020_2022,egor-xyz
electron,2020_2022,AsherJacob
electron,2020_2022,cjp256
electron,2020_2022,callahanrts
electron,2020_2022,RobertBorg
electron,2020_2022,JoeDuncko
electron,2020_2022,devjerry
electron,2020_2022,DmitryMK
electron,2020_2022,0verk1ll
electron,2020_2022,chrdavis
electron,2020_2022,morgan-sam
electron,2020_2022,niik
electron,2020_2022,leonllrmc
electron,2020_2022,alfredxing
electron,2020_2022,svirs
electron,2020_2022,CharlieHess
electron,2020_2022,GitHubPang
electron,2020_2022,vhashimotoo
electron,2020_2022,olawanlejoel
electron,2020_2022,szTheory
electron,2020_2022,bhutraraghav
electron,2020_2022,kritisingh1
electron,2020_2022,pfrazee
electron,2020_2022,nagata-yoshiteru
electron,2020_2022,samccone
electron,2020_2022,adill
electron,2020_2022,str4nge-4ttr4ctor
electron,2020_2022,isnotgood
electron,2020_2022,thypon
electron,2020_2022,mahnunchik
electron,2020_2022,EslamHiko
electron,2020_2022,wjch-krl
electron,2020_2022,DeeDeeG
electron,2020_2022,Volune
electron,2020_2022,ffflorian
electron,2020_2022,mtgto
electron,2020_2022,robin850
electron,2020_2022,kevmo314
electron,2020_2022,pavelfeldman
electron,2020_2022,sorah
electron,2020_2022,weilonge
electron,2020_2022,phoebejaffe
electron,2020_2022,diegozhu
electron,2020_2022,drslump
electron,2020_2022,brenca
electron,2020_2022,NilSet
electron,2020_2022,Mike-Dax
electron,2020_2022,bughit
electron,2020_2022,Syed-Umair
electron,2020_2022,CoderPoet
electron,2020_2022,seshrs
electron,2020_2022,GabrielBB
electron,2020_2022,Kilian
electron,2020_2022,MehediH
electron,2020_2022,rtpHarry
electron,2020_2022,rr326
electron,2020_2022,lekoaf
electron,2020_2022,ymmuse
electron,2020_2022,natew
electron,2020_2022,wedob13
electron,2020_2022,yashints
electron,2020_2022,daveilers
electron,2020_2022,Jornn
electron,2020_2022,hedgepigdaniel
electron,2020_2022,shogunsea
electron,2020_2022,AngelKitty
electron,2022_2024,VerteDinde
electron,2022_2024,codebytere
electron,2022_2024,dsanders11
electron,2022_2024,electron-roller[bot]
electron,2022_2024,MarshallOfSound
electron,2022_2024,crutchcorn
electron,2022_2024,ckerr
electron,2022_2024,georgexu99
electron,2022_2024,miniak
electron,2022_2024,deepak1556
electron,2022_2024,dependabot[bot]
electron,2022_2024,jkleinsc
electron,2022_2024,TomasHubelbauer
electron,2022_2024,malept
electron,2022_2024,erickzhao
electron,2022_2024,voidfill
electron,2022_2024,rcombs
electron,2022_2024,electron-appveyor-updater[bot]
electron,2022_2024,alicelovescake
electron,2022_2024,yangannyx
electron,2022_2024,khalwa
electron,2022_2024,mlaurencin
electron,2022_2024,IsmaelMartinez
electron,2022_2024,EvolutionX-10
electron,2022_2024,cucbin
electron,2022_2024,nornagon
electron,2022_2024,piotrpdev
electron,2022_2024,indutny-signal
electron,2022_2024,richardtorres314
electron,2022_2024,xupea
electron,2022_2024,cclauss
electron,2022_2024,cptpcrd
electron,2022_2024,TechQuery
electron,2022_2024,Kilian
electron,2022_2024,tuanzijiang
electron,2022_2024,JakobDev
electron,2022_2024,nashaofu
electron,2022_2024,yuzawa-san
electron,2022_2024,selfisekai
electron,2022_2024,cedrikewers
electron,2022_2024,mitchchn
electron,2022_2024,clavin
electron,2022_2024,RoboSchmied
electron,2022_2024,kaitlinnewson
electron,2022_2024,brjsp
electron,2022_2024,daihere1993
electron,2022_2024,taoky
electron,2022_2024,kghamilton89
electron,2022_2024,felixrieseberg
electron,2022_2024,zcbenz
electron,2022_2024,github-actions[bot]
electron,2022_2024,BurningEnlightenment
electron,2022_2024,Imperat
electron,2022_2024,BogdanCerovac
electron,2022_2024,wujinli
electron,2022_2024,marekharanczyk
electron,2022_2024,samuelmaddock
electron,2022_2024,maikelohcfg
electron,2022_2024,mxschmitt
electron,2022_2024,Villy-P
electron,2022_2024,guohaolay
electron,2022_2024,tzahola
electron,2022_2024,BrandonXLF
electron,2022_2024,devm33
electron,2022_2024,machuii
electron,2022_2024,brhenrique
electron,2022_2024,Kirito-Excalibur
electron,2022_2024,Kishanjay
electron,2022_2024,hrimhari
electron,2022_2024,yuyuyureka
electron,2022_2024,tr2-harada
electron,2022_2024,ryanthemanuel
electron,2022_2024,albertxing
electron,2022_2024,TomaszMa
electron,2022_2024,clintharris
electron,2022_2024,albrow
electron,2022_2024,hsfzxjy
electron,2022_2024,Ninglo
electron,2022_2024,iamaliyousefi
electron,2022_2024,christian-bromann
electron,2022_2024,maxtower
electron,2022_2024,aiddya
electron,2022_2024,JadeFlute0127
electron,2022_2024,ILikeTeaALot
electron,2022_2024,robertgzr
electron,2022_2024,NoxFly
electron,2022_2024,michal-pichlinski-openfin
electron,2022_2024,xuminjieleon
electron,2022_2024,fwhatley
electron,2022_2024,vially
electron,2022_2024,spencer17x
electron,2022_2024,wanted002
electron,2022_2024,sergeichestakov
electron,2022_2024,wugaosheng123
electron,2022_2024,anyerqi
electron,2022_2024,ZWJKFLC
electron,2022_2024,alkavats1
electron,2022_2024,agilgur5
electron,2022_2024,varunsood2003
electron,2022_2024,daniharo
electron,2022_2024,zeeker999
electron,2022_2024,serd2011
electron,2022_2024,mjhenkes
electron,2022_2024,alexeykuzmin
electron,2022_2024,cesarkohl
electron,2022_2024,astone123
electron,2022_2024,russ3llc
electron,2022_2024,indutny
electron,2022_2024,chartrandf
electron,2022_2024,BlackHole1
electron,2022_2024,quanglam2807
electron,2022_2024,JasonEtco
electron,2022_2024,ZacharyBear
electron,2022_2024,RaisinTen
electron,2022_2024,mifi
electron,2022_2024,itsananderson
electron,2022_2024,dufipl
electron,2022_2024,gecko19
electron,2022_2024,jeremyspiegel
electron,2022_2024,AdoKevin
electron,2022_2024,theogravity
electron,2022_2024,ferreira-tb
electron,2022_2024,mbarbero
electron,2022_2024,mehimanshupatil
electron,2022_2024,kyrylo-hrechykhin
electron,2022_2024,GGIEnrike
electron,2022_2024,Unknown
electron,2022_2024,MGPelloni
electron,2022_2024,zurawiki
electron,2022_2024,ywroh
electron,2022_2024,M-Garrett
electron,2022_2024,xuwanghu
electron,2022_2024,michalzaq12
electron,2022_2024,hughjdavey
electron,2022_2024,step-security-bot
electron,2022_2024,hyrious
electron,2022_2024,bnb
electron,2022_2024,joycebrum
electron,2022_2024,rzhao271
electron,2022_2024,gabi200
electron,2022_2024,carterbs
electron,2022_2024,sregger
electron,2022_2024,daief
electron,2022_2024,flynow10
electron,2022_2024,sudowoodo-release-bot[bot]
electron,2022_2024,Yusoo
electron,2022_2024,daniel-koc
electron,2022_2024,Piroro-hs
electron,2022_2024,sammyl720
electron,2022_2024,jamesnvc
electron,2022_2024,dominik-ilja
electron,2022_2024,cyrilchukwuebuka
electron,2022_2024,Aman-0604
electron,2022_2024,Prinzhorn
electron,2022_2024,akshaydeo
electron,2022_2024,xrkffgg
electron,2022_2024,matthewloft
electron,2022_2024,sebastianvitterso
electron,2022_2024,KishanBagaria
electron,2022_2024,rekmarks
electron,2022_2024,jviotti
electron,2022_2024,aryanshridhar
electron,2022_2024,shyamkumaryadav
electron,2022_2024,leonschwanitz
electron,2022_2024,apetresc
electron,2022_2024,bpasero
electron,2022_2024,CanadaHonk
electron,2022_2024,frank-pian
electron,2022_2024,RedSparrowEU
electron,2022_2024,nikk-ca
electron,2022_2024,zuohuiyang
electron,2022_2024,lambainsaan
electron,2022_2024,bytrangle
electron,2022_2024,p120ph37
electron,2022_2024,tzzs
electron,2022_2024,mayacoda
electron,2022_2024,msizanoen1
electron,2022_2024,sofianguy
electron,2022_2024,UppaJung
electron,2022_2024,mesner
electron,2022_2024,devinfoley
electron,2022_2024,mikemklee
electron,2022_2024,zowers
electron,2022_2024,gerhardberger
electron,2022_2024,joanx
electron,2022_2024,jsoref
electron,2022_2024,deermichel
electron,2022_2024,isailaandrei
electron,2022_2024,Maeda-Naoki
n8n,2018_2019,janober
n8n,2018_2019,RicardoE105
n8n,2018_2019,depfu[bot]
n8n,2018_2019,ramyala
n8n,2018_2019,walkover101
n8n,2018_2019,ericHao22
n8n,2018_2019,MarkBennett
n8n,2018_2019,quansenB
n8n,2018_2019,frane
n8n,2018_2019,airmoi
n8n,2018_2019,clayrisser
n8n,2018_2019,vuchl
n8n,2018_2019,tcurdt
n8n,2018_2019,manojtrek
n8n,2018_2019,mtahiue
n8n,2018_2019,leonardlin
n8n,2018_2019,Unknown
n8n,2018_2019,deurk
n8n,2018_2019,NeOMakinG
n8n,2018_2019,lucafaggianelli
n8n,2018_2019,mscansian
n8n,2018_2019,YoniFeng
n8n,2018_2019,BradyBromley
n8n,2018_2019,wernersmit
n8n,2018_2019,jmargeta
n8n,2018_2019,justb81
n8n,2018_2019,thomasleveil
n8n,2018_2019,mikementor
n8n,2020_2022,csuermann
n8n,2020_2022,ivov
n8n,2020_2022,janober
n8n,2020_2022,agobrech
n8n,2020_2022,Joffcom
n8n,2020_2022,brianinoa
n8n,2020_2022,MiloradFilipovic
n8n,2020_2022,RicardoE105
n8n,2020_2022,alexgrozav
n8n,2020_2022,ahsanv
n8n,2020_2022,BHesseldieck
n8n,2020_2022,mutdmour
n8n,2020_2022,that-one-tom
n8n,2020_2022,ctrl-freak
n8n,2020_2022,HilaryTorn
n8n,2020_2022,simshaun
n8n,2020_2022,mocanew
n8n,2020_2022,michael-radency
n8n,2020_2022,jolo-dev
n8n,2020_2022,efriis
n8n,2020_2022,IamDrowsy
n8n,2020_2022,netroy
n8n,2020_2022,alishaz-polymath
n8n,2020_2022,krynble
n8n,2020_2022,tahasonmez
n8n,2020_2022,pemontto
n8n,2020_2022,goncalossilva
n8n,2020_2022,maxtkacz
n8n,2020_2022,CxGarcia
n8n,2020_2022,Yann-J
n8n,2020_2022,Unknown
n8n,2020_2022,mcolomer
n8n,2020_2022,nivbe06
n8n,2020_2022,ajmeredith1200
n8n,2020_2022,vcrwr
n8n,2020_2022,mcnaveen
n8n,2020_2022,Goggin
n8n,2020_2022,luizeof
n8n,2020_2022,BasitAli
n8n,2020_2022,crstamps2
n8n,2020_2022,mjquinlan2000
n8n,2020_2022,asn007
n8n,2020_2022,willywongi
n8n,2020_2022,snyk-bot
n8n,2020_2022,lfcipriani
n8n,2020_2022,rhyswilliamsza
n8n,2020_2022,chlec
n8n,2020_2022,TheFSilver
n8n,2020_2022,StarfallProjects
n8n,2020_2022,choudat
n8n,2020_2022,JaZo
n8n,2020_2022,mcmx
n8n,2020_2022,jhaltercmu2020
n8n,2020_2022,mashiox
n8n,2020_2022,5pecia1
n8n,2020_2022,viiy
n8n,2020_2022,SchnapsterDog
n8n,2020_2022,harshil1712
n8n,2020_2022,Bearbobs
n8n,2020_2022,quansenB
n8n,2020_2022,saurabharch
n8n,2020_2022,thorstenfreitag
n8n,2020_2022,sirdavidoff
n8n,2020_2022,rodrigoscdc
n8n,2020_2022,tennox
n8n,2020_2022,wohfab
n8n,2020_2022,philclifford
n8n,2020_2022,saintsebastian
n8n,2020_2022,awitkowski0
n8n,2020_2022,sebto
n8n,2020_2022,hnb2
n8n,2020_2022,laurens-novyx
n8n,2020_2022,m2scared
n8n,2020_2022,toadle
n8n,2020_2022,l4u
n8n,2020_2022,X-pech
n8n,2020_2022,huzaif-plivo
n8n,2020_2022,mhuysamen
n8n,2020_2022,buelsenfrucht
n8n,2020_2022,zvonimir-ebot7
n8n,2020_2022,mayrmax
n8n,2020_2022,mcat-ee
n8n,2020_2022,GeylaniBerk
n8n,2020_2022,mizzim
n8n,2020_2022,nikozila
n8n,2020_2022,santakadev
n8n,2020_2022,arpadgabor
n8n,2020_2022,tlaerm
n8n,2020_2022,robertodamiani
n8n,2020_2022,gpene
n8n,2020_2022,omab
n8n,2020_2022,MedAliMarz
n8n,2020_2022,ChrisMagnuson
n8n,2020_2022,fredericalix
n8n,2020_2022,kylefmohr
n8n,2020_2022,tanay1337
n8n,2020_2022,CFarcy
n8n,2020_2022,rgeorgel
n8n,2020_2022,jacobburrell
n8n,2020_2022,lorenanda
n8n,2020_2022,plaanv
n8n,2020_2022,umireon
n8n,2020_2022,caarlos0
n8n,2020_2022,romaincolombo-daily
n8n,2020_2022,Schnouki
n8n,2020_2022,jspizziri
n8n,2020_2022,mdasmendel
n8n,2020_2022,DerEnderKeks
n8n,2020_2022,OverWeo
n8n,2020_2022,Rirush
n8n,2020_2022,fntb
n8n,2020_2022,sashker
n8n,2020_2022,mluhta
n8n,2020_2022,Colton
n8n,2020_2022,lublak
n8n,2020_2022,camcelroy
n8n,2020_2022,bartvollebregt
n8n,2020_2022,UmairKamran
n8n,2020_2022,nosovk
n8n,2020_2022,AllanDaemon
n8n,2020_2022,cassvail
n8n,2020_2022,theone74
n8n,2020_2022,Brooooooklyn
n8n,2020_2022,entrailz
n8n,2020_2022,loranmutafov
n8n,2020_2022,stwonary
n8n,2020_2022,curryy
n8n,2020_2022,mjysci
n8n,2020_2022,bsmth
n8n,2020_2022,pashkatrick
n8n,2020_2022,bacarini
n8n,2020_2022,jonmbake
n8n,2020_2022,maxdanilov
n8n,2020_2022,Timeraa
n8n,2020_2022,airmoi
n8n,2020_2022,TySmith17
n8n,2020_2022,tumf
n8n,2020_2022,cerob
n8n,2020_2022,rons4
n8n,2020_2022,wilmardo
n8n,2020_2022,t-knapp
n8n,2020_2022,erbg
n8n,2020_2022,JonasDoesThings
n8n,2020_2022,Jefiozie
n8n,2020_2022,lupa18
n8n,2020_2022,matyo91
n8n,2020_2022,AxelRueweler
n8n,2020_2022,Rupenieks
n8n,2020_2022,luisherranz
n8n,2020_2022,tflanagan
n8n,2020_2022,haf
n8n,2020_2022,frane
n8n,2020_2022,bsanderrmg
n8n,2020_2022,vbarrier
n8n,2020_2022,mikasjp
n8n,2020_2022,tulir
n8n,2020_2022,wowi42
n8n,2020_2022,zillarelli
n8n,2020_2022,ToBeHH
n8n,2020_2022,RytisLT
n8n,2020_2022,remoremorali
n8n,2020_2022,samdotci
n8n,2020_2022,smamudhan
n8n,2020_2022,Sou1Aced
n8n,2020_2022,YEriin
n8n,2020_2022,Renerick
n8n,2020_2022,vvvictor07
n8n,2020_2022,lukigarazus
n8n,2020_2022,erudenko
n8n,2020_2022,tovbinm
n8n,2020_2022,Shraddha2104
n8n,2020_2022,Zeedinstein
n8n,2020_2022,tolbon
n8n,2020_2022,erin2722
n8n,2020_2022,0xsven
n8n,2020_2022,davidgs
n8n,2020_2022,einSelbst
n8n,2020_2022,pestevez
n8n,2020_2022,pwellever
n8n,2020_2022,Tei1988
n8n,2020_2022,alexcote1
n8n,2020_2022,bberenberg
n8n,2020_2022,allanclempe
n8n,2020_2022,robotkad
n8n,2020_2022,MyCupOfTeaOo
n8n,2020_2022,dsc8x
n8n,2020_2022,matthiez
n8n,2020_2022,davidecavestro
n8n,2020_2022,milekz
n8n,2020_2022,terenaa
n8n,2020_2022,clonardo
n8n,2020_2022,richteri
n8n,2020_2022,ceefour
n8n,2020_2022,coolpay64
n8n,2020_2022,TMaYaD
n8n,2020_2022,lucaskenda
n8n,2020_2022,neumann-d
n8n,2020_2022,spam-n-eggs
n8n,2020_2022,d3no
n8n,2020_2022,guilhermeagirardi
n8n,2020_2022,d0whc3r
n8n,2020_2022,mvhirsch
n8n,2020_2022,trojanh
n8n,2020_2022,pballhausen
n8n,2020_2022,krasaee
n8n,2020_2022,ramyala
n8n,2022_2024,ivov
n8n,2022_2024,mutdmour
n8n,2022_2024,alexgrozav
n8n,2022_2024,netroy
n8n,2022_2024,cstuncsik
n8n,2022_2024,OlegIvaniv
n8n,2022_2024,tomi
n8n,2022_2024,michael-radency
n8n,2022_2024,github-actions[bot]
n8n,2022_2024,RicardoE105
n8n,2022_2024,elsmr
n8n,2022_2024,Joffcom
n8n,2022_2024,csuermann
n8n,2022_2024,KubeAl
n8n,2022_2024,StarfallProjects
n8n,2022_2024,daniel-alba17
n8n,2022_2024,valya
n8n,2022_2024,EricFrancis12
n8n,2022_2024,alsmadi99
n8n,2022_2024,joshsorenson
n8n,2022_2024,n8n-ninja
n8n,2022_2024,pebosi
n8n,2022_2024,TaylorHo
n8n,2022_2024,ekadin-mtc
n8n,2022_2024,despairblue
n8n,2022_2024,gandreini
n8n,2022_2024,MiloradFilipovic
n8n,2022_2024,valimero
n8n,2022_2024,janober
n8n,2022_2024,jeankhawand
n8n,2022_2024,pemontto
n8n,2022_2024,riascho
n8n,2022_2024,krynble
n8n,2022_2024,meownoid
n8n,2022_2024,CinGiu
n8n,2022_2024,GuilhermeBarile
n8n,2022_2024,ddzobov
n8n,2022_2024,RJiraya
n8n,2022_2024,mjquinlan2000
n8n,2022_2024,testwill
n8n,2022_2024,floryn90
n8n,2022_2024,ayatnkw
n8n,2022_2024,yoshino-s
n8n,2022_2024,pengqiseven
n8n,2022_2024,webkp
n8n,2022_2024,bramkn
n8n,2022_2024,albertopasqualetto
n8n,2022_2024,CodeShakingSheep
n8n,2022_2024,Nicolas-nwb
n8n,2022_2024,cyliu0
n8n,2022_2024,manninofrancesco
n8n,2022_2024,ahsanv
n8n,2022_2024,mprytoluk
n8n,2022_2024,LudwigGerdes
n8n,2022_2024,hayashi-ay
n8n,2022_2024,jordanburke
n8n,2022_2024,gumida
n8n,2022_2024,mcnaveen
n8n,2022_2024,freakwriter
n8n,2022_2024,johnyb0y
n8n,2022_2024,feelgood-interface
n8n,2022_2024,maspio
n8n,2022_2024,sweenu
n8n,2022_2024,ascariandrea
n8n,2022_2024,nihaals
n8n,2022_2024,Anush008
n8n,2022_2024,ekoleda-codaio
n8n,2022_2024,vacitbaydarman
n8n,2022_2024,jesper-bylund
n8n,2022_2024,soulhat
n8n,2022_2024,geodic
n8n,2022_2024,aarongut
n8n,2022_2024,Benjamin-Loison
n8n,2022_2024,mayorandrew
n8n,2022_2024,flipswitchingmonkey
n8n,2022_2024,teomane
n8n,2022_2024,antondollmaier
n8n,2022_2024,mertmit
n8n,2022_2024,spatialy
n8n,2022_2024,neverabsolute
n8n,2022_2024,mbakgun
n8n,2022_2024,martinezleoml
n8n,2022_2024,dkarzon
n8n,2022_2024,inga-lovinde
n8n,2022_2024,ekamil
n8n,2022_2024,greyliath
n8n,2022_2024,linktohack
n8n,2022_2024,agobrech
n8n,2022_2024,xavier-calland
n8n,2022_2024,craSH
n8n,2022_2024,guoard
n8n,2022_2024,qg-horie
n8n,2022_2024,Jordan-Hall
n8n,2022_2024,airmoi
n8n,2022_2024,noctarius
n8n,2022_2024,sandramsc
n8n,2022_2024,chrtkv
n8n,2022_2024,adrian-martinez-vdshop
n8n,2022_2024,Marten-S
n8n,2022_2024,ZergRael
n8n,2022_2024,romeobalta
n8n,2022_2024,perseus-algol
n8n,2022_2024,that-one-tom
n8n,2022_2024,romainminaud
n8n,2022_2024,cjwooo
n8n,2022_2024,SanYann
n8n,2022_2024,adamcharnock
n8n,2022_2024,Jimw383
n8n,2022_2024,eddywashere
n8n,2022_2024,filp
n8n,2022_2024,ManishDhanwal07
n8n,2022_2024,alishaz-polymath
n8n,2022_2024,OpenSourceSimon
n8n,2022_2024,Unknown
n8n,2022_2024,parasdaryanani
n8n,2022_2024,avainfotech2019
n8n,2022_2024,svzi
n8n,2022_2024,onedr0p
n8n,2022_2024,intel44
n8n,2022_2024,bionemesis
n8n,2022_2024,napter
n8n,2022_2024,rduarte
n8n,2022_2024,Daemonxiao
n8n,2022_2024,Yann-J
n8n,2022_2024,marzn
n8n,2022_2024,knshiro
n8n,2022_2024,drudge
n8n,2022_2024,vcrwr
n8n,2022_2024,AndLLA
n8n,2022_2024,jbacklund
n8n,2022_2024,eeVoskos
n8n,2022_2024,mieky
n8n,2022_2024,bestlong
n8n,2022_2024,BHesseldieck
n8n,2022_2024,eltociear
n8n,2022_2024,iammordaty
n8n,2022_2024,rhyswilliamsza
n8n,2022_2024,maxtkacz
n8n,2022_2024,agentreno
n8n,2022_2024,ruanjf
n8n,2022_2024,delasy
n8n,2022_2024,TzachiSh
n8n,2022_2024,freyamade
n8n,2022_2024,nathan818fr
n8n,2022_2024,brianinoa
n8n,2022_2024,oaygalenq
n8n,2022_2024,ctrl-freak
n8n,2022_2024,JanThiel
n8n,2022_2024,tahasonmez
n8n,2022_2024,Zapfmeister
n8n,2022_2024,HilaryTorn
n8n,2022_2024,simshaun
n8n,2022_2024,mocanew
n8n,2022_2024,jolo-dev
n8n,2022_2024,efriis
n8n,2022_2024,IamDrowsy
superset,2018_2019,vminc
superset,2018_2019,robdiciuccio
superset,2018_2019,villebro
superset,2018_2019,dpgaspar
superset,2018_2019,rusackas
superset,2018_2019,Unknown
superset,2018_2019,suddjian
superset,2018_2019,nytai
superset,2018_2019,betodealmeida
superset,2018_2019,khtruong
superset,2018_2019,serenajiang
superset,2018_2019,gbrian
superset,2018_2019,john-bodley
superset,2018_2019,bkyryliuk
superset,2018_2019,mistercrunch
superset,2018_2019,dinsaw
superset,2018_2019,craig-rueda
superset,2018_2019,michellethomas
superset,2018_2019,maxmelnick
superset,2018_2019,DiggidyDave
superset,2018_2019,conglei
superset,2018_2019,lshunran
superset,2018_2019,Caahlo
superset,2018_2019,Moinheart
superset,2018_2019,axuew
superset,2018_2019,paulvic
superset,2018_2019,francishemingway
superset,2018_2019,Zanoellia
superset,2018_2019,liuyanpunk
superset,2018_2019,MarcusSorealheis
superset,2018_2019,yahwang
superset,2018_2019,christophlingg
superset,2018_2019,alexandrebrilhante
superset,2018_2019,austinpray
superset,2018_2019,kevang
superset,2018_2019,willbarrett
superset,2018_2019,coderfender
superset,2018_2019,oskarhinc
superset,2018_2019,kristw
superset,2018_2019,nabinkhadka
superset,2018_2019,mmutiso
superset,2018_2019,KKcorps
superset,2018_2019,kuckjwi0928
superset,2018_2019,benvdh
superset,2018_2019,zhaoyongjie
superset,2018_2019,MaiTiano
superset,2018_2019,klxiang
superset,2018_2019,gbates101
superset,2018_2019,smacker
superset,2018_2019,FelixCodes
superset,2018_2019,friendzis
superset,2018_2019,fzzylogic
superset,2018_2019,semantiDan
superset,2018_2019,ksaagariconic
superset,2018_2019,thunter009
superset,2018_2019,arthurpduarte
superset,2018_2019,schoel-bis
superset,2018_2019,sturmer
superset,2018_2019,bmfs
superset,2018_2019,TheLastSultan
superset,2018_2019,ali-bahjati
superset,2018_2019,michalmisiewicz
superset,2018_2019,rahul-rahul-sp
superset,2018_2019,Tresdon
superset,2018_2019,Aylr
superset,2018_2019,marnovo
superset,2018_2019,dserkowski
superset,2018_2019,JesusEkie
superset,2018_2019,pokyu
superset,2018_2019,cguan7
superset,2018_2019,jitendra-kumawat
superset,2018_2019,kate-gallo
superset,2018_2019,CoryChaplin
superset,2018_2019,thoralf-gutierrez
superset,2018_2019,dflionis
superset,2018_2019,enricoberti
superset,2018_2019,jimhorng
superset,2018_2019,cgivre
superset,2018_2019,etr2460
superset,2018_2019,elukey
superset,2018_2019,AxelMathei
superset,2018_2019,rjurney
superset,2018_2019,cscainiao
superset,2018_2019,bearcage
superset,2018_2019,KilimAnnejaro
superset,2018_2019,chelule
superset,2018_2019,tssujt
superset,2018_2019,leakingoxide
superset,2018_2019,andrewmusselman
superset,2018_2019,datability-io
superset,2018_2019,ddna1021
superset,2018_2019,xtinec
superset,2018_2019,rasmi-ranjan-guavus
superset,2018_2019,hannahsquier
superset,2018_2019,alancarson
superset,2018_2019,donbowman
superset,2018_2019,williaster
superset,2018_2019,hitdemo
superset,2018_2019,bipinsoniguavus
superset,2018_2019,djok
superset,2018_2019,hajdbo
superset,2018_2019,emacip
superset,2018_2019,srggrs
superset,2018_2019,Benji81
superset,2018_2019,prashant-shahi
superset,2018_2019,moonboots
superset,2018_2019,iaperez
superset,2018_2019,wushenchao
superset,2018_2019,haaspt
superset,2018_2019,kakoni
superset,2018_2019,pabloem
superset,2018_2019,mrmcduff
superset,2018_2019,hughhhh
superset,2018_2019,raphaelmerx
superset,2018_2019,wonjin911
superset,2018_2019,AlexRRR
superset,2018_2019,zihengCat
superset,2018_2019,davidkohcw
superset,2018_2019,bolkedebruin
superset,2018_2019,akovalyov
superset,2018_2019,jeffreythewang
superset,2018_2019,soboko
superset,2018_2019,Yukinoshita-Yukino
superset,2018_2019,zhouyao1994
superset,2018_2019,youngyjd
superset,2018_2019,chinhngt
superset,2018_2019,kocomic
superset,2018_2019,kaxil
superset,2018_2019,timifasubaa
superset,2018_2019,zhaoyu89730105
superset,2018_2019,joebordes
superset,2018_2019,hmanuel
superset,2018_2019,oliviermichaelis
superset,2018_2019,brayanarrieta
superset,2018_2019,ghsalem
superset,2018_2019,shizidushu
superset,2018_2019,MukaJiTrue
superset,2018_2019,DoNobody
superset,2018_2019,AMilkov
superset,2018_2019,chnkya
superset,2018_2019,wenchma
superset,2018_2019,sekikn
superset,2018_2019,0xHexE
superset,2018_2019,aboganas
superset,2018_2019,mrshu
superset,2018_2019,Fokko
superset,2018_2019,victornoel
superset,2018_2019,jiaz
superset,2018_2019,pavitran777
superset,2018_2019,cjauvin
superset,2018_2019,evans
superset,2018_2019,andy-clapson
superset,2018_2019,jnishiyama
superset,2018_2019,bobek
superset,2018_2019,IrfanFaizullabhoy
superset,2018_2019,kk580kk
superset,2018_2019,mlboy
superset,2018_2019,mighty-phoenix
superset,2018_2019,sumedhsakdeo
superset,2018_2019,superkd37
superset,2018_2019,maxg203
superset,2018_2019,haolong7
superset,2018_2019,MikeRoetgers
superset,2018_2019,famasya
superset,2018_2019,aflyhorse
superset,2018_2019,ad-m
superset,2018_2019,Narcissus7
superset,2018_2019,jmcarp
superset,2018_2019,theikkila
superset,2018_2019,yuguang
superset,2018_2019,yamyamyuo
superset,2018_2019,manhtai
superset,2018_2019,Renkai
superset,2018_2019,alekstorm
superset,2018_2019,mjsilva
superset,2018_2019,livinm
superset,2018_2019,viksit
superset,2018_2019,joshbrooks
superset,2018_2019,emlittleworth
superset,2018_2019,jerowe
superset,2018_2019,octaviancorlade
superset,2018_2019,ekasitk
superset,2018_2019,nunohelibeires
superset,2018_2019,JamshedRahman
superset,2018_2019,The-Alchemist
superset,2018_2019,visshaljagtap
superset,2018_2019,yoonian
superset,2018_2019,qeorqe
superset,2018_2019,AndreLesa
superset,2018_2019,xiaoyugit
superset,2018_2019,minh5
superset,2018_2019,xrmx
superset,2018_2019,kulte
superset,2018_2019,fly-high-bj
superset,2018_2019,ledor473
superset,2018_2019,ricard2k
superset,2018_2019,liyuance
superset,2018_2019,xiaohanyu
superset,2018_2019,ttannis
superset,2018_2019,icy
superset,2018_2019,cxmcc
superset,2018_2019,markvivv
superset,2018_2019,maver1ck
superset,2018_2019,aok1425
superset,2018_2019,gangh
superset,2018_2019,amalakar
superset,2018_2019,grafke
superset,2018_2019,sodevious
superset,2018_2019,jasnovak
superset,2018_2019,vihar
superset,2018_2019,antoine-galataud
superset,2018_2019,cychiang
superset,2018_2019,ripoul
superset,2018_2019,davidthewatson
superset,2018_2019,stillmatic
superset,2018_2019,ryw
superset,2018_2019,pld
superset,2018_2019,hidetoshiito
superset,2018_2019,ArielStv
superset,2018_2019,DavidJHassan
superset,2018_2019,daoready
superset,2018_2019,fabianmenges
superset,2018_2019,ktong
superset,2018_2019,Alagappan
superset,2018_2019,aleksi75
superset,2018_2019,deatheyes
superset,2018_2019,oxydash
superset,2018_2019,tanvach
superset,2018_2019,acneidert
superset,2018_2019,ktravis
superset,2018_2019,Pek1s
superset,2018_2019,raffas
superset,2018_2019,m4neda
superset,2018_2019,Chun-LingChen
superset,2018_2019,mxmzdlv
superset,2018_2019,rodo
superset,2018_2019,ddworken-sc
superset,2018_2019,habalux
superset,2018_2019,liutgnu
superset,2018_2019,Mogball
superset,2018_2019,marcusianlevine
superset,2018_2019,abotero
superset,2018_2019,asdf2014
superset,2018_2019,atronchi
superset,2018_2019,leorochael
superset,2020_2022,codyml
superset,2020_2022,rusackas
superset,2020_2022,kgabryje
superset,2020_2022,samtfm
superset,2020_2022,stephenLYZ
superset,2020_2022,yourssvk
superset,2020_2022,ktmud
superset,2020_2022,diegomedina248
superset,2020_2022,michael-s-molina
superset,2020_2022,zhaoyongjie
superset,2020_2022,Antonio-RiveroMartnez
superset,2020_2022,lauderbaugh
superset,2020_2022,prosdev0107
superset,2020_2022,cdpazos27
superset,2020_2022,SusurHe
superset,2020_2022,eschutho
superset,2020_2022,john-bodley
superset,2020_2022,dpgaspar
superset,2020_2022,diegoauad
superset,2020_2022,mdeshmu
superset,2020_2022,stevetracvc
superset,2020_2022,AAfghahi
superset,2020_2022,eric-briscoe
superset,2020_2022,cccs-Dustin
superset,2020_2022,novemberde
superset,2020_2022,betodealmeida
superset,2020_2022,hughhhh
superset,2020_2022,Samira-El
superset,2020_2022,sfirke
superset,2020_2022,Thelin90
superset,2020_2022,Unknown
superset,2020_2022,Neeraj-2307
superset,2020_2022,Renderz
superset,2020_2022,mohittt27
superset,2020_2022,codemaster08240328
superset,2020_2022,chuancyzhang
superset,2020_2022,reesercollins
superset,2020_2022,atticoos
superset,2020_2022,pkdotson
superset,2020_2022,paulinjo
superset,2020_2022,lyndsiWilliams
superset,2020_2022,EBoisseauSierra
superset,2020_2022,sadpandajoe
superset,2020_2022,craig-rueda
superset,2020_2022,zhaorui2022
superset,2020_2022,mistercrunch
superset,2020_2022,ensky
superset,2020_2022,trepmag
superset,2020_2022,kakoni
superset,2020_2022,LahmerIlyas
superset,2020_2022,villebro
superset,2020_2022,dependabot[bot]
superset,2020_2022,DanRoscigno
superset,2020_2022,ramunas-omnisend
superset,2020_2022,Nicoretti
superset,2020_2022,rathberm
superset,2020_2022,jimmytheneutrino
superset,2020_2022,geido
superset,2020_2022,cccs-tom
superset,2020_2022,fccoelho
superset,2020_2022,kgopal492
superset,2020_2022,cccs-RyanS
superset,2020_2022,thinhnd2104
superset,2020_2022,ebaratte
superset,2020_2022,Gwitchr
superset,2020_2022,JakobMiksch
superset,2020_2022,dungdm93
superset,2020_2022,mavimo
superset,2020_2022,yeachan153
superset,2020_2022,suddjian
superset,2020_2022,code-review-doctor
superset,2020_2022,jinghua-qa
superset,2020_2022,benjamin-texier
superset,2020_2022,jsoref
superset,2020_2022,jdbranham
superset,2020_2022,kekwan
superset,2020_2022,serenajiang
superset,2020_2022,cemremengu
superset,2020_2022,drluckyspin
superset,2020_2022,srinify
superset,2020_2022,lzm0
superset,2020_2022,fatosmorina
superset,2020_2022,wacken89
superset,2020_2022,inclusive-coding-bot
superset,2020_2022,dudasaron
superset,2020_2022,jnturton
superset,2020_2022,sujiplr
superset,2020_2022,jqueguiner
superset,2020_2022,kasiazjc
superset,2020_2022,rwhaling
superset,2020_2022,kaapstorm
superset,2020_2022,ndbu
superset,2020_2022,PApostol
superset,2020_2022,prassanna-helixsense-com
superset,2020_2022,vchrombie
superset,2020_2022,7vikpeculiar
superset,2020_2022,thomasdesr
superset,2020_2022,cancan101
superset,2020_2022,pablo-guerra
superset,2020_2022,DLT1412
superset,2020_2022,tirkarthi
superset,2020_2022,briannguyen4
superset,2020_2022,garyng
superset,2020_2022,michael-hoffman-26
superset,2020_2022,paulocauca
superset,2020_2022,vuongxuongminh
superset,2020_2022,corbinrobb
superset,2020_2022,michaelzusev
superset,2020_2022,saurabh3091
superset,2020_2022,srinisubramanian
superset,2020_2022,jacobcroope
superset,2020_2022,xiangfu0
superset,2020_2022,EugeneTorap
superset,2020_2022,Yann-J
superset,2020_2022,wiktor2200
superset,2020_2022,ad-m
superset,2020_2022,maltoze
superset,2020_2022,anoojkinaginlsn
superset,2020_2022,Scrip7
superset,2020_2022,MayUWish
superset,2020_2022,hbruch
superset,2020_2022,avakarev
superset,2020_2022,opus-42
superset,2020_2022,simcha90
superset,2020_2022,hoangminhquan-lhsdt
superset,2020_2022,ChristopherCFleming
superset,2020_2022,ofekisr
superset,2020_2022,dmcnulla
superset,2020_2022,JosueLugaro
superset,2020_2022,ancasarb
superset,2020_2022,cccs-joel
superset,2020_2022,proteusvacuum
superset,2020_2022,jayakrishnankk
superset,2020_2022,Hammad-Raza
superset,2020_2022,em0227
superset,2020_2022,m-ajay
superset,2020_2022,riahk
superset,2020_2022,brnnnfx
superset,2020_2022,Ceridan
superset,2020_2022,rfraposa
superset,2020_2022,acrks
superset,2020_2022,woolnerd
superset,2020_2022,mporracindie
superset,2020_2022,amitmiran137
superset,2020_2022,dd-willgan
superset,2020_2022,bkyryliuk
superset,2020_2022,Yahyakiani
superset,2020_2022,jcahela
superset,2020_2022,exemplary-citizen
superset,2020_2022,mhoustonataegis
superset,2020_2022,Damans227
superset,2020_2022,caviliar
superset,2020_2022,sowo
superset,2020_2022,kristw
superset,2020_2022,khtruong
superset,2020_2022,gnought
superset,2020_2022,Nithin-George-Philips
superset,2020_2022,shicholas
superset,2020_2022,mhewedy
superset,2020_2022,JoaquinPretell92
superset,2020_2022,romanfed
superset,2020_2022,MaxHuiYYDS
superset,2020_2022,intgr
superset,2020_2022,thanhtrinh2311
superset,2020_2022,junlincc
superset,2020_2022,krsnik93
superset,2020_2022,dependabot-preview[bot]
superset,2020_2022,jenseng
superset,2020_2022,Anushka-Hapukotuwa
superset,2020_2022,RooMax
superset,2020_2022,cccs-jc
superset,2020_2022,xiezhongfu
superset,2020_2022,maloun96
superset,2020_2022,aminadha
superset,2020_2022,jwhuang11
superset,2020_2022,mayurnewase
superset,2020_2022,dkrat7
superset,2020_2022,Reslan-Tinawi
superset,2020_2022,nytai
superset,2020_2022,fgomezotero
superset,2020_2022,bryanck
superset,2020_2022,agatapst
superset,2020_2022,hushaoqing
superset,2020_2022,Mikedu1988
superset,2020_2022,gdutwyg
superset,2020_2022,ali-bahjati
superset,2020_2022,devstein
superset,2020_2022,Caahlo
superset,2020_2022,williaster
superset,2020_2022,conglei
superset,2020_2022,yahwang
superset,2020_2022,christophlingg
superset,2020_2022,KKcorps
superset,2020_2022,andreaslordos
superset,2020_2022,cguan7
superset,2020_2022,michellethomas
superset,2020_2022,etr2460
superset,2020_2022,xtinec
superset,2020_2022,trebor
superset,2020_2022,andy-clapson
superset,2020_2022,datability-io
superset,2020_2022,djok
superset,2020_2022,schoel-bis
superset,2020_2022,Saajan
superset,2020_2022,soboko
superset,2020_2022,aniaan
superset,2020_2022,minho95
superset,2020_2022,dreglad
superset,2020_2022,codenamelxl
superset,2020_2022,ganczarek
superset,2020_2022,kurtiswen
superset,2020_2022,kamalkeshavani-aiinside
superset,2020_2022,audour
superset,2020_2022,rasta-rocket
superset,2020_2022,binome74
superset,2020_2022,minzhang2110
superset,2020_2022,CodeingBoy
superset,2020_2022,ntsvetanov
superset,2020_2022,frafra
superset,2020_2022,willbarrett
superset,2020_2022,Z0ltrix
superset,2020_2022,jameskim0987
superset,2020_2022,raghavSharmaCode
superset,2020_2022,rosemarie-chiu
superset,2020_2022,Jolcik
superset,2020_2022,xingyc15
superset,2020_2022,belgren
superset,2020_2022,yougyoung94
superset,2020_2022,symmetricsfyi
superset,2020_2022,wijnanjo
superset,2020_2022,yongchand
superset,2020_2022,gabester78
superset,2020_2022,apurva-sigmoid
superset,2020_2022,elyzov
superset,2020_2022,sourcecode-glitch
superset,2020_2022,shawnzhu
superset,2020_2022,WingCode
superset,2020_2022,xasx
superset,2020_2022,gvee-uk
superset,2020_2022,jfrag1
superset,2020_2022,tianhe1986
superset,2020_2022,duynguyenhoang
superset,2020_2022,joeADSP
superset,2020_2022,robdiciuccio
superset,2020_2022,danielewood
superset,2020_2022,grumpy-miner
superset,2020_2022,Slach
superset,2020_2022,ETselikov
superset,2020_2022,alandao2021
superset,2020_2022,adam-stasiak
superset,2020_2022,mr-real
superset,2020_2022,jberkus
superset,2020_2022,jongillham
superset,2020_2022,sarthak
superset,2020_2022,dsztykman
superset,2020_2022,stellalc7
superset,2020_2022,jpuris
superset,2020_2022,kumarks1122
superset,2020_2022,MaiTiano
superset,2020_2022,u-aiaa
superset,2020_2022,koszti
superset,2020_2022,JavierLopezT
superset,2020_2022,jhult
superset,2020_2022,andrewbastian
superset,2020_2022,mvoitko
superset,2020_2022,guydou
superset,2020_2022,jeffreykoetsier
superset,2020_2022,mironovmeow
superset,2020_2022,einatbar
superset,2020_2022,abhishekjog
superset,2020_2022,rijojoseph07
superset,2020_2022,sonyasha
superset,2020_2022,Bonifacio2
superset,2020_2022,jeverling
superset,2020_2022,Ibby-B
superset,2020_2022,mrshu
superset,2020_2022,garden-of-delete
superset,2020_2022,benjreinhart
superset,2020_2022,MatanBobi
superset,2020_2022,rc-ontruck
superset,2020_2022,jmistry
superset,2020_2022,bawantha
superset,2020_2022,aleksandrgordienko
superset,2020_2022,cccs-rc
superset,2020_2022,jagamts1
superset,2020_2022,eriendeng
superset,2020_2022,aakashnand
superset,2020_2022,bungoume
superset,2020_2022,eran-levy
superset,2020_2022,ChrisCarini
superset,2020_2022,zuzana-vej
superset,2020_2022,cabo40
superset,2020_2022,jawabuu
superset,2020_2022,alexkreidler
superset,2020_2022,thomasv314
superset,2020_2022,yardz
superset,2020_2022,caleb15
superset,2020_2022,alexandersimoes
superset,2020_2022,octaviancorlade
superset,2020_2022,megakoresh
superset,2020_2022,ericmand
superset,2020_2022,andreas-eberle
superset,2020_2022,kimsehwan96
superset,2020_2022,anthonycorletti
superset,2020_2022,slim-patchy
superset,2020_2022,nikolagigic
superset,2020_2022,didva
superset,2020_2022,ErfanMirzapour
superset,2020_2022,iercan
superset,2020_2022,a5net
superset,2020_2022,thinkh
superset,2020_2022,tesshy
superset,2020_2022,leocape
superset,2020_2022,liamnv
superset,2020_2022,pablo-tech
superset,2020_2022,bolkedebruin
superset,2020_2022,rwspielman
superset,2020_2022,kstrz
superset,2020_2022,pavlozt
superset,2020_2022,cdmikechen
superset,2020_2022,ctSkennerton
superset,2020_2022,cheunhong
superset,2020_2022,dbz10
superset,2020_2022,TColl
superset,2020_2022,kkucharc
superset,2020_2022,ejianu
superset,2020_2022,neilsmiller
superset,2020_2022,mephinet
superset,2020_2022,zsellami
superset,2020_2022,maddyobrienjones
superset,2020_2022,pr-lawrence
superset,2020_2022,TimothyDing
superset,2020_2022,neylsoncrepalde
superset,2020_2022,mihir174
superset,2020_2022,TobKed
superset,2020_2022,96RadhikaJadhav
superset,2020_2022,palindrom615
superset,2020_2022,bechob
superset,2020_2022,aadel
superset,2020_2022,maxamante
superset,2020_2022,lamielle
superset,2020_2022,auxten
superset,2020_2022,PMExtra
superset,2020_2022,shashankkoppar
superset,2020_2022,TheRum
superset,2020_2022,albertlieyingadrian
superset,2020_2022,aklin
superset,2020_2022,narendrans
superset,2020_2022,curlup
superset,2020_2022,philipqnguyen
superset,2020_2022,rubenSastre
superset,2020_2022,dmitrijkir
superset,2020_2022,jharding-blw
superset,2020_2022,jolange
superset,2020_2022,henryyeh
superset,2020_2022,kkalyan
superset,2020_2022,shaikidris
superset,2020_2022,brylie
superset,2020_2022,cyw233
superset,2020_2022,fguarini
superset,2020_2022,gtg472b
superset,2020_2022,JasonD28
superset,2020_2022,vigneshTheDev
superset,2020_2022,ceohockey60
superset,2020_2022,czue
superset,2020_2022,tanmaylaud
superset,2020_2022,nruhe
superset,2020_2022,pphszx
superset,2020_2022,Nj-kol
superset,2020_2022,thibault-ketterer
superset,2020_2022,0xBADBAC0N
superset,2020_2022,oashton
superset,2020_2022,axelet
superset,2020_2022,AnimeshAgrawal
superset,2020_2022,nunohelibeires
superset,2020_2022,karen-pal
superset,2020_2022,rayzor65
superset,2020_2022,micimize
superset,2020_2022,tooptoop4
superset,2020_2022,ChristianMurphy
superset,2020_2022,blinkov
superset,2020_2022,elukey
superset,2020_2022,Fullstop000
superset,2020_2022,vnnw
superset,2020_2022,fbalicchia
superset,2020_2022,dandanhub
superset,2020_2022,venter-zhu
superset,2020_2022,mfharding
superset,2020_2022,asif-ir
superset,2020_2022,Better-Boy
superset,2020_2022,jzucker2
superset,2020_2022,altef
superset,2020_2022,derari
superset,2020_2022,zhxjdwh
superset,2020_2022,semantiDan
superset,2020_2022,azhar22k
superset,2020_2022,moshthepitt
superset,2020_2022,optiona1
superset,2022_2024,TheShubhendra
superset,2022_2024,ari-jane
superset,2022_2024,hainenber
superset,2022_2024,john-bodley
superset,2022_2024,jansule
superset,2022_2024,dependabot[bot]
superset,2022_2024,geido
superset,2022_2024,rusackas
superset,2022_2024,dpgaspar
superset,2022_2024,michael-s-molina
superset,2022_2024,justinpark
superset,2022_2024,rtexelm
superset,2022_2024,jessie-ross
superset,2022_2024,regisb
superset,2022_2024,madewulf
superset,2022_2024,mistercrunch
superset,2022_2024,adimyth
superset,2022_2024,fisjac
superset,2022_2024,edjannoo
superset,2022_2024,villebro
superset,2022_2024,oBoMBaYo
superset,2022_2024,ka-weihe
superset,2022_2024,eschutho
superset,2022_2024,Antonio-RiveroMartnez
superset,2022_2024,msyavuz
superset,2022_2024,Vitor-Avila
superset,2022_2024,hexcafe
superset,2022_2024,RIS3cz
superset,2022_2024,PushpenderSaini0
superset,2022_2024,matheusbsilva
superset,2022_2024,betodealmeida
superset,2022_2024,visharavana
superset,2022_2024,kgabryje
superset,2022_2024,pranav1699
superset,2022_2024,sabyrzhan
superset,2022_2024,ninaviereckel
superset,2022_2024,EnxDev
superset,2022_2024,goldjee
superset,2022_2024,mholthausen
superset,2022_2024,hanslemm
superset,2022_2024,bhaugeea
superset,2022_2024,sadpandajoe
superset,2022_2024,Seboeb
superset,2022_2024,SkinnyPigeon
superset,2022_2024,eyalezer
superset,2022_2024,github-actions[bot]
superset,2022_2024,sfirke
superset,2022_2024,hughhhh
superset,2022_2024,imancrsrk
superset,2022_2024,aehanno
superset,2022_2024,aikawa-ohno
superset,2022_2024,puridach-w
superset,2022_2024,alekseyolg
superset,2022_2024,brouberol
superset,2022_2024,craig-rueda
superset,2022_2024,lodu
superset,2022_2024,jonaschn
superset,2022_2024,frankzimper
superset,2022_2024,Unknown
superset,2022_2024,asaf400
superset,2022_2024,rantoniuk
superset,2022_2024,SaTae66
superset,2022_2024,martinspudich
superset,2022_2024,jdruii
superset,2022_2024,bestlong
superset,2022_2024,schuberng
superset,2022_2024,artofcomputing
superset,2022_2024,Abhishek-kumar-samsung
superset,2022_2024,OmarIthawi
superset,2022_2024,lscheibel
superset,2022_2024,jonedmiston
superset,2022_2024,eulloa10
superset,2022_2024,esivakumar26
superset,2022_2024,guenp
superset,2022_2024,sowo
superset,2022_2024,soniagtm
superset,2022_2024,corocoto
superset,2022_2024,listeng
superset,2022_2024,bgreenlee
superset,2022_2024,SpencerTorres
superset,2022_2024,joshkoeneHawking
superset,2022_2024,10xLaCroixDrinker
superset,2022_2024,EugeneTorap
superset,2022_2024,TechAuditBI
superset,2022_2024,jbat
superset,2022_2024,pnadolny13
superset,2022_2024,hlcianfagna
superset,2022_2024,iskenderulgen
superset,2022_2024,armando-fandango
superset,2022_2024,mskelton
superset,2022_2024,coteli
superset,2022_2024,ddxv
superset,2022_2024,zhaoyongjie
superset,2022_2024,nigzak
superset,2022_2024,grvoicu
superset,2022_2024,goto-loop
superset,2022_2024,jongwooo
superset,2022_2024,Ralkion
superset,2022_2024,Always-prog
superset,2022_2024,pradasouvanlasy
superset,2022_2024,anirudh-hegde
superset,2022_2024,IlyaDropit
superset,2022_2024,JZ6
superset,2022_2024,pcop00
superset,2022_2024,shakeelansari63
superset,2022_2024,jdbranham
superset,2022_2024,qleroy
superset,2022_2024,dnskr
superset,2022_2024,Usiel
superset,2022_2024,sbernauer
superset,2022_2024,mapledan
superset,2022_2024,ege-st
superset,2022_2024,GlugovGrGlib
superset,2022_2024,nicocarlier
superset,2022_2024,dkrat7
superset,2022_2024,Mattc1221
superset,2022_2024,HurSungYun
superset,2022_2024,skion
superset,2022_2024,marcuswang6
superset,2022_2024,Khrol
superset,2022_2024,fenilgmehta
superset,2022_2024,Musa10
superset,2022_2024,nytai
superset,2022_2024,capping
superset,2022_2024,sivasathyaseeelan
superset,2022_2024,kainchow
superset,2022_2024,rowdyroad
superset,2022_2024,rekilina
superset,2022_2024,willie-hung
superset,2022_2024,hantmac
superset,2022_2024,dbaltor
superset,2022_2024,CorbinBullard
superset,2022_2024,arunthirumani
superset,2022_2024,gaurav7261
superset,2022_2024,gnought
superset,2022_2024,cwegener
superset,2022_2024,jfrag1
superset,2022_2024,sumagoudb
superset,2022_2024,wAVeckx
superset,2022_2024,bluemalkin
superset,2022_2024,ishansinghania
superset,2022_2024,GuyAttia
superset,2022_2024,francois-travais
superset,2022_2024,raamri
superset,2022_2024,giftig
superset,2022_2024,liujiwen-up
superset,2022_2024,sebastianliebscher
superset,2022_2024,yousoph
superset,2022_2024,nitish-samsung-jha
superset,2022_2024,git-init-priyanshu
superset,2022_2024,jdclarke5
superset,2022_2024,josedev-union
superset,2022_2024,ggbaro
superset,2022_2024,koushik-rout-samsung
superset,2022_2024,FGrobelny
superset,2022_2024,codek
superset,2022_2024,nero5700
superset,2022_2024,SA-Ark
superset,2022_2024,emmanuel-ferdman
superset,2022_2024,andy-clapson
superset,2022_2024,bipinct
superset,2022_2024,mikelv92
superset,2022_2024,dmeaux
superset,2022_2024,mdavidsen
superset,2022_2024,RahulK4102
superset,2022_2024,OskarNS
superset,2022_2024,raboof
superset,2022_2024,Sea-n
superset,2022_2024,jsoref
superset,2022_2024,mdeshmu
superset,2022_2024,frassinier
superset,2022_2024,zhaorui2022
superset,2022_2024,sandeep-patel11
superset,2022_2024,stephenLYZ
superset,2022_2024,mayurnewase
superset,2022_2024,ved-kashyap-samsung
superset,2022_2024,Yaswanth-Perumalla
superset,2022_2024,celalettin1286
superset,2022_2024,cnabro
superset,2022_2024,hugosjoberg
superset,2022_2024,kravi21
superset,2022_2024,tenkian4
superset,2022_2024,janhavitripurwar
superset,2022_2024,cmontemuino
superset,2022_2024,KSPT-taylorjohn
superset,2022_2024,elewis787
superset,2022_2024,rdubois
superset,2022_2024,giuliotal
superset,2022_2024,Yuval-Moshe
superset,2022_2024,hbruch
superset,2022_2024,TannerBarcelos
superset,2022_2024,Zoynels
superset,2022_2024,suryadev99
superset,2022_2024,charris-msft
superset,2022_2024,xavier-GitHub76
superset,2022_2024,mattitoo
superset,2022_2024,karsten-wagner
superset,2022_2024,arjundevarajan
superset,2022_2024,gadhagod
superset,2022_2024,arkid15r
superset,2022_2024,duyet
superset,2022_2024,devonkinghorn
superset,2022_2024,jwilliams-ocient
superset,2022_2024,muniter
superset,2022_2024,okayhooni
superset,2022_2024,Hikari
superset,2022_2024,santi-pragma
superset,2022_2024,Nisden
superset,2022_2024,jgillick
superset,2022_2024,anamitraadhikari
superset,2022_2024,boenshao
superset,2022_2024,thiagorossener
superset,2022_2024,stuartyeates
superset,2022_2024,vitoldi
superset,2022_2024,alvarolmedo
superset,2022_2024,NickLarsenNZ
superset,2022_2024,cleslie
superset,2022_2024,miomiocat
superset,2022_2024,snt1017
superset,2022_2024,amosdoublec
superset,2022_2024,eltimen
superset,2022_2024,SaishNarvekar
superset,2022_2024,ybudweiser
superset,2022_2024,kikobarr
superset,2022_2024,fmannhardt
superset,2022_2024,ebaratte
superset,2022_2024,gbusch
superset,2022_2024,satokonak
superset,2022_2024,charpeni
superset,2022_2024,diegomedina248
superset,2022_2024,alexclavel-ocient
superset,2022_2024,piyush9923
superset,2022_2024,cemremengu
superset,2022_2024,fcomuniz
superset,2022_2024,justmike1
superset,2022_2024,kekwan
superset,2022_2024,akzarma
superset,2022_2024,AkashBoora
superset,2022_2024,artemonsh
superset,2022_2024,RekhaZemoso
superset,2022_2024,SamraHanifCareem
superset,2022_2024,zRich
superset,2022_2024,dayknightmare
superset,2022_2024,ashgorithm
superset,2022_2024,alex-bain
superset,2022_2024,dim-ops
superset,2022_2024,paulinjo
superset,2022_2024,ZeJ0hn
superset,2022_2024,pankajsoni22
superset,2022_2024,Govindarajan-D
superset,2022_2024,rukshn
superset,2022_2024,mrmooon
superset,2022_2024,camac
superset,2022_2024,genzgd
superset,2022_2024,vivekDebugs
superset,2022_2024,lyndsiWilliams
superset,2022_2024,mkramer5454
superset,2022_2024,cccs-RyanK
superset,2022_2024,kuruv
superset,2022_2024,tisonkun
superset,2022_2024,dheeraj-jaiswal-lowes
superset,2022_2024,rajan123456
superset,2022_2024,codyml
superset,2022_2024,treygilliland
superset,2022_2024,icsu
superset,2022_2024,tejaskatariya
superset,2022_2024,pkdotson
superset,2022_2024,AAfghahi
superset,2022_2024,leo-schick
superset,2022_2024,Germandrummer92
superset,2022_2024,nisheldo
superset,2022_2024,kpretty
superset,2022_2024,igorsinc
superset,2022_2024,sergeyshevch
superset,2022_2024,yash-samsung
superset,2022_2024,Lawful2002
superset,2022_2024,reidab
superset,2022_2024,PaoloTerzi
superset,2022_2024,cdreier
superset,2022_2024,itziarmj
superset,2022_2024,solanksh
superset,2022_2024,posquit0
superset,2022_2024,wanghong1314
superset,2022_2024,eric-briscoe
superset,2022_2024,zamar-roura
superset,2022_2024,mathieuherbert
superset,2022_2024,wilfred-wulbou
superset,2022_2024,xneg
superset,2022_2024,Stanhoucke
superset,2022_2024,aleksvujic
superset,2022_2024,reesercollins
superset,2022_2024,savvan0h
superset,2022_2024,mdesmet
superset,2022_2024,jankatins
superset,2022_2024,askldjd
superset,2022_2024,agl-developer
superset,2022_2024,haocheng6
superset,2022_2024,BowenXiao1999
superset,2022_2024,BTatlock
superset,2022_2024,vpicavet
superset,2022_2024,maleksan
superset,2022_2024,Yann-J
superset,2022_2024,kamalkeshavani-aiinside
superset,2022_2024,wrb2
superset,2022_2024,micsbot
superset,2022_2024,sinhashubham95
superset,2022_2024,passren
superset,2022_2024,corbinrobb
superset,2022_2024,waynewenswag
superset,2022_2024,gebhardtr
superset,2022_2024,gforien
superset,2022_2024,lucapette
superset,2022_2024,Onroe
superset,2022_2024,AndVK
superset,2022_2024,doornot
superset,2022_2024,martimors
superset,2022_2024,JakobMiksch
superset,2022_2024,pwang2
superset,2022_2024,PMExtra
superset,2022_2024,ecederstrand
superset,2022_2024,qlands
superset,2022_2024,koszti
superset,2022_2024,bryanjtc
superset,2022_2024,jayakrishnankk
superset,2022_2024,avlihachev
superset,2022_2024,rizacavus
superset,2022_2024,cccs-Dustin
superset,2022_2024,noctarius
superset,2022_2024,LiuBodong
superset,2022_2024,riahk
superset,2022_2024,forestlzj
superset,2022_2024,MichaelHintz
superset,2022_2024,bkyryliuk
superset,2022_2024,ktmud
superset,2022_2024,xiayanzheng
superset,2022_2024,paulo-eduardo
superset,2022_2024,vin01
superset,2022_2024,jileeon
superset,2022_2024,lauderbaugh
superset,2022_2024,rathberm
superset,2022_2024,dungdm93
superset,2022_2024,yuzutas0
superset,2022_2024,prosdev0107
superset,2022_2024,zhouyao1994
superset,2022_2024,Rajakavitha1
superset,2022_2024,stevetracvc
superset,2022_2024,jplanckeel
superset,2022_2024,samtfm
superset,2022_2024,umair-abro
superset,2022_2024,srinify
superset,2022_2024,ciusji
superset,2022_2024,vladik-vitre
superset,2022_2024,lguillaud
superset,2022_2024,wiktor2200
superset,2022_2024,miloszbednarzak
superset,2022_2024,vg
superset,2022_2024,codemaster08240328
superset,2022_2024,suddjian
superset,2022_2024,RahulRaj97
superset,2022_2024,yourssvk
superset,2022_2024,cdpazos27
superset,2022_2024,SusurHe
superset,2022_2024,diegoauad
superset,2022_2024,novemberde
superset,2022_2024,Samira-El
superset,2022_2024,Thelin90
superset,2022_2024,Neeraj-2307
superset,2022_2024,Renderz
superset,2022_2024,mohittt27
superset,2022_2024,chuancyzhang
superset,2022_2024,atticoos
superset,2022_2024,EBoisseauSierra
superset,2022_2024,ensky
superset,2022_2024,trepmag
superset,2022_2024,kakoni
superset,2022_2024,LahmerIlyas
youtube,2018_2019,dstftw
youtube,2018_2019,remitamine
youtube,2018_2019,Nyaa-rlathotep
youtube,2018_2019,lmanul
youtube,2018_2019,geditorit
youtube,2018_2019,mobidots
youtube,2018_2019,bitraid
youtube,2018_2019,AnhNhan
youtube,2018_2019,axelerometer
youtube,2018_2019,anoadragon453
youtube,2018_2019,waptaff
youtube,2018_2019,Stephan972
youtube,2018_2019,Unknown
youtube,2018_2019,kr4ssi
youtube,2018_2019,mpolden
youtube,2018_2019,smed79
youtube,2018_2019,ipaha
youtube,2018_2019,patrickdessalle
youtube,2018_2019,galgeek
youtube,2018_2019,telephono
youtube,2018_2019,jaysttw
youtube,2018_2019,phan-ctrl
youtube,2018_2019,supritshah1289
youtube,2018_2019,lightmare
youtube,2018_2019,kylepw
youtube,2018_2019,cantandwont
youtube,2018_2019,JayXon
youtube,2018_2019,CeruleanSky
youtube,2018_2019,kittenking
youtube,2018_2019,arkamar
youtube,2018_2019,chien-yu
youtube,2018_2019,tlonic
youtube,2018_2019,PeskyPotato
youtube,2018_2019,hrimfaxi
youtube,2018_2019,aerworker
youtube,2018_2019,Rikorose
youtube,2018_2019,caldwell
youtube,2018_2019,lunaynx
youtube,2018_2019,aicest
youtube,2018_2019,xyssy
youtube,2018_2019,mikf
youtube,2018_2019,biwubo
youtube,2018_2019,m1k1o
youtube,2018_2019,basicmaster
youtube,2018_2019,NRTICN
youtube,2018_2019,Zer0C001
youtube,2018_2019,MalteKiefer
youtube,2018_2019,ealgase
youtube,2018_2019,dhoepfl
youtube,2018_2019,davex25
youtube,2018_2019,mtilbury
youtube,2018_2019,jwilk
youtube,2018_2019,TobiX
youtube,2018_2019,rixx
youtube,2018_2019,wader
youtube,2018_2019,rryanq
youtube,2018_2019,nonnonstop
youtube,2018_2019,rmburg
youtube,2018_2019,JChris246
youtube,2018_2019,tbm
youtube,2018_2019,jfriesse
youtube,2018_2019,RexYuan
youtube,2018_2019,jessedezwart
youtube,2018_2019,wolfy1339
youtube,2018_2019,Lukas0907
youtube,2018_2019,tylerszabo
youtube,2018_2019,austind
youtube,2018_2019,utlasidyo
youtube,2018_2019,charon2019
youtube,2018_2019,0x9fff00
youtube,2018_2019,dimqua
youtube,2018_2019,cclauss
youtube,2018_2019,schunka
youtube,2018_2019,CoryDHall
youtube,2018_2019,isidentical
youtube,2018_2019,goggle
youtube,2018_2019,Tatsh
youtube,2018_2019,alexhuot1
youtube,2018_2019,anthonyfok
youtube,2018_2019,jhwgh1968
youtube,2018_2019,aviperes
youtube,2018_2019,Atlas48
youtube,2018_2019,awalgarg
youtube,2018_2019,inv1sible
youtube,2018_2019,glensc
youtube,2018_2019,v-delta
youtube,2018_2019,iwconfig
youtube,2018_2019,DaanVanVugt
youtube,2018_2019,scfc
youtube,2018_2019,elipsitz
youtube,2018_2019,Flat
youtube,2018_2019,Volkanite
youtube,2018_2019,JimmStout
youtube,2018_2019,mrtnmtth
youtube,2018_2019,NeroBurner
youtube,2018_2019,TingPing
youtube,2018_2019,puxlit
youtube,2018_2019,sichuan-pepper
youtube,2018_2019,sehaas
youtube,2018_2019,gfabiano
youtube,2018_2019,airani
youtube,2018_2019,dmzkrsk
youtube,2018_2019,leober-ramos33
youtube,2018_2019,mrfade
youtube,2018_2019,iamleot
youtube,2018_2019,timendum
youtube,2018_2019,hkdsun
youtube,2018_2019,moyamo
youtube,2018_2019,LangerJan
youtube,2018_2019,Gorfiend
youtube,2018_2019,phihag
youtube,2018_2019,parmjitv
youtube,2018_2019,hmlinaric
youtube,2018_2019,stannynuytkens
youtube,2018_2019,bato3
youtube,2018_2019,funky-monkey
youtube,2018_2019,kzm4269
youtube,2018_2019,Kerruba
youtube,2018_2019,getaaron
youtube,2018_2019,coreynicholson
youtube,2018_2019,Urgau
youtube,2018_2019,tmsbrg
youtube,2018_2019,nathanrossi
youtube,2018_2019,effleurager
youtube,2018_2019,DroidFreak32
youtube,2018_2019,CSharp-Truckstop-Restroom-Hero
youtube,2018_2019,zackfern
youtube,2018_2019,che0
youtube,2018_2019,rhhayward
youtube,2018_2019,dnet
youtube,2018_2019,huichen90
youtube,2018_2019,llyyr
youtube,2018_2019,haasn
youtube,2018_2019,bastiandg
youtube,2018_2019,Meneth32
youtube,2018_2019,zopieux
youtube,2018_2019,einstein95
youtube,2018_2019,d0u9
youtube,2018_2019,sa7mon
youtube,2018_2019,raydouglass
youtube,2018_2019,f2face
youtube,2018_2019,gjedeer
youtube,2018_2019,aeph6Ee0
youtube,2018_2019,AndroKev
youtube,2018_2019,kenavera
youtube,2018_2019,steebchen
youtube,2018_2019,arend-von-reinersdorff
youtube,2018_2019,xofe
youtube,2018_2019,cdman
youtube,2018_2019,johnhawkinson
youtube,2018_2019,jspiros
youtube,2018_2019,yan12125
youtube,2018_2019,sudovijay
youtube,2018_2019,kayb94
youtube,2018_2019,wiiaboo
youtube,2018_2019,epostavs
youtube,2018_2019,todeveni
youtube,2018_2019,VietTPham
youtube,2018_2019,mmuman
youtube,2018_2019,jscissr
youtube,2018_2019,Vrihub
youtube,2018_2019,Hidenori826
youtube,2018_2019,yasoob
youtube,2018_2019,catlover999
youtube,2018_2019,squibbysquibby
youtube,2018_2019,helb
youtube,2018_2019,varunest
youtube,2018_2019,retokromer
youtube,2018_2019,sleske
youtube,2018_2019,hvraven
youtube,2018_2019,scil
youtube,2018_2019,mweinelt
youtube,2018_2019,CoXier
youtube,2018_2019,wlritchi
youtube,2018_2019,jaimeMF
youtube,2018_2019,sprhawk
youtube,2020_2022,dirkf
youtube,2020_2022,pukkandan
youtube,2020_2022,LewdyCoder
youtube,2020_2022,chapmanjacobd
youtube,2020_2022,ArniDagur
youtube,2020_2022,nixxo
youtube,2020_2022,Unknown
youtube,2020_2022,marieell
youtube,2020_2022,Lesmiscore
youtube,2020_2022,vstavrinov
youtube,2020_2022,arkamar
youtube,2020_2022,kikuyan
youtube,2020_2022,sh-cho
youtube,2020_2022,abdullah-if
youtube,2020_2022,offbyone
youtube,2020_2022,dstftw
youtube,2020_2022,lanegramling
youtube,2020_2022,B0pol
youtube,2020_2022,remitamine
youtube,2020_2022,alerikaisattera
youtube,2020_2022,TianyiShi2001
youtube,2020_2022,einstein95
youtube,2020_2022,mrphlip
youtube,2020_2022,kr4ssi
youtube,2020_2022,Lukas0907
youtube,2020_2022,zorbathut
youtube,2020_2022,schnusch
youtube,2020_2022,toniz4
youtube,2020_2022,quyleanh
youtube,2020_2022,krisl
youtube,2020_2022,guredora403
youtube,2020_2022,RomanEmelyanov
youtube,2020_2022,AllanDaemon
youtube,2020_2022,VidVidex
youtube,2020_2022,Brodan
youtube,2020_2022,Romern
youtube,2020_2022,haraldmartin
youtube,2020_2022,goggle
youtube,2020_2022,adrianheine
youtube,2020_2022,SirCipherz
youtube,2020_2022,Isaac-the-Man
youtube,2020_2022,azoxey
youtube,2020_2022,PrinceOfPuppers
youtube,2020_2022,nbr23
youtube,2020_2022,sgstair
youtube,2020_2022,paretje
youtube,2020_2022,guillemglez
youtube,2020_2022,bkvirendra
youtube,2020_2022,ping
youtube,2020_2022,knapior
youtube,2020_2022,tpikonen
youtube,2020_2022,aurelg
youtube,2020_2022,aarubui
youtube,2020_2022,bm1549
youtube,2020_2022,DrWursterich
youtube,2020_2022,Tatsh
youtube,2020_2022,main--
youtube,2020_2022,bcc32
youtube,2020_2022,akx
youtube,2020_2022,0l-l0
youtube,2020_2022,23rd
youtube,2020_2022,cladmi
youtube,2020_2022,kevinoconnor7
youtube,2020_2022,gardenappl
youtube,2020_2022,ozburo
youtube,2020_2022,JChris246
youtube,2020_2022,marco97pa
youtube,2020_2022,renalid
youtube,2020_2022,trevnels
youtube,2020_2022,rolledback
youtube,2020_2022,spvkgn
youtube,2020_2022,compujo
youtube,2020_2022,mashed-potatoes
youtube,2020_2022,imba-tjd
youtube,2020_2022,EntranceJew
youtube,2020_2022,SoneeJohn
youtube,2020_2022,opusforlife2
youtube,2020_2022,zavorka
youtube,2020_2022,Munken
youtube,2020_2022,xenova
youtube,2020_2022,fourjr
youtube,2020_2022,wader
youtube,2020_2022,jsoref
youtube,2020_2022,dpeukert
youtube,2020_2022,iamleot
youtube,2020_2022,beefchop
youtube,2020_2022,joostverdoorn
youtube,2020_2022,gdzx
youtube,2020_2022,EdwardBetts
youtube,2020_2022,memecoinbeliever
youtube,2020_2022,dancek
youtube,2020_2022,serl
youtube,2020_2022,felixonmars
youtube,2020_2022,Surkal
youtube,2020_2022,patrickdessalle
youtube,2020_2022,basicmaster
youtube,2020_2022,salty-horse
youtube,2020_2022,alexmerkel
youtube,2020_2022,ddland
youtube,2020_2022,tfvlrue
youtube,2020_2022,random-nick
youtube,2020_2022,TheRealDude2
youtube,2020_2022,MRWITEK
youtube,2020_2022,glenn-slayden
youtube,2020_2022,phihag
youtube,2020_2022,mdujava
youtube,2020_2022,liz-desartiges
youtube,2020_2022,JordanWeatherby
youtube,2020_2022,mklein-de
youtube,2020_2022,ankenyr
youtube,2020_2022,daveloyall
youtube,2020_2022,juanfra684
youtube,2020_2022,TotalCaesar659
youtube,2020_2022,comsomisha
youtube,2020_2022,hh0rva1h
youtube,2020_2022,Peter42
youtube,2020_2022,willbeaufoy
youtube,2020_2022,AndrewMBL
youtube,2020_2022,tomsolarino
youtube,2020_2022,Zocker1999NET
youtube,2020_2022,meunierd
youtube,2020_2022,twaddington
youtube,2020_2022,3risian
youtube,2020_2022,jxu
youtube,2020_2022,tsia
youtube,2020_2022,jtrmal
youtube,2020_2022,d2au
youtube,2020_2022,xaverh
youtube,2020_2022,uno20001
youtube,2020_2022,jnozsc
youtube,2020_2022,jonolt
youtube,2020_2022,cdarlint
youtube,2020_2022,Singwai
youtube,2020_2022,Roxedus
youtube,2020_2022,nmeum
youtube,2022_2024,dirkf
youtube,2022_2024,mrpapersonic
youtube,2022_2024,kmnx
youtube,2022_2024,salty-horse
youtube,2022_2024,gy-chen
youtube,2022_2024,gzz2000
youtube,2022_2024,hatsomatt
youtube,2022_2024,hhirtz
youtube,2022_2024,aaron-tan
youtube,2022_2024,mk-pmb
youtube,2022_2024,realRobotix
youtube,2022_2024,mimvahedi
youtube,2022_2024,ReenigneArcher
youtube,2022_2024,bashonly
youtube,2022_2024,Grub4K
youtube,2022_2024,pukkandan
youtube,2022_2024,GabrielNagy
youtube,2022_2024,Sophira
youtube,2022_2024,fonkap
youtube,2022_2024,teddy171
youtube,2022_2024,Valentin-Metz
youtube,2022_2024,afterdelight
youtube,2022_2024,clueless-skywatcher
youtube,2022_2024,zhangeric-15
youtube,2022_2024,JohnnySunUmich
youtube,2022_2024,Leonetienne
youtube,2022_2024,JChris246
youtube,2022_2024,roycocup
youtube,2022_2024,bm1549
youtube,2022_2024,FraFraFra-LongD
youtube,2022_2024,mozlima
youtube,2022_2024,lebdron
youtube,2022_2024,xyb
youtube,2022_2024,arobase-che
youtube,2022_2024,xiyue077
youtube,2022_2024,coletdjnz
youtube,2022_2024,gudata
youtube,2022_2024,wesnm
youtube,2022_2024,Kyraminol
