Time Frame,Username,Location
2018_2019,freddan80,"Malmö, Sweden"
2018_2019,johang,"Lund, Sweden"
2018_2019,silfverstrom,Sweden
2018_2019,andhus,"Stockholm, Sweden"
2018_2019,steven-chien,Stockholm
2018_2019,carlthome,"Stockholm, Sweden"
2018_2019,RohinMohanadas,"Stockholm, Sweden"
2020_2022,freddan80,"Malmö, Sweden"
2020_2022,johang,"Lund, Sweden"
2020_2022,annietllnd,Lund
2020_2022,JonasOhlsson,"Malmö, Sweden"
2020_2022,shlmregev,"Stockholm, Sweden"
2020_2022,tcwalther,Stockholm
2020_2022,oskarflordal,Sverige
2020_2022,Ricardicus,Sweden
2020_2022,hwaxxer,Stockholm
2020_2022,jvistrand,Sweden
2022_2024,talyz,Stockholm
2022_2024,Ricardicus,Sweden
